img1,img2,aruco_yaw_deg,aruco_roll_deg,aruco_pitch_deg,core_yaw_deg,core_roll_deg,core_pitch_deg,rot_err_deg,euler_rms_err_deg,t_dir_err_deg,used_core_inverse
20260121172027.JPG,20260121172118.JPG,-14.458812,9.169243,-43.715632,-11.635859,4.815101,-50.054081,7.008563,4.729466,6.956033,0
20260121172000.JPG,20260121172126.JPG,-2.054399,-0.637784,-10.978271,-1.926618,0.544891,-7.599729,3.588589,2.067977,2.675305,0
20260121172007.JPG,20260121172027.JPG,4.688304,-1.991387,17.969441,5.014666,4.135333,28.130441,11.799259,6.852959,53.068339,0
20260121171953.JPG,20260121172201.JPG,-7.076031,5.001675,-24.759334,-1.759535,-7.049210,-19.621644,12.299078,8.162614,40.711222,0
20260121172007.JPG,20260121172151.JPG,-7.147258,1.843092,-33.485755,-6.963393,1.540468,-33.323267,0.300870,0.224937,0.256275,0
20260121171953.JPG,20260121172226.JPG,-1.228518,1.145107,-5.770673,-0.934177,-1.062020,-3.784977,2.965182,1.722502,4.902350,0
20260121172013.JPG,20260121172146.JPG,-22.740747,15.209603,-59.184504,-1.438249,-3.033834,-6.941181,54.948505,34.234409,61.225233,0
20260121152638.JPG,20260121172210.JPG,8.006616,4.693178,34.144931,5.095420,-1.955179,34.419828,5.562444,4.193299,5.200363,0
20260121152658.JPG,20260121172017.JPG,4.007874,0.053556,17.726518,-1.628775,5.709807,3.332935,16.800683,9.503336,87.318153,0
20260121152631.JPG,20260121172035.JPG,3.203559,-1.012632,12.044808,3.173767,-1.022340,12.417347,0.373691,0.215845,0.279592,0
20260121152638.JPG,20260121172022.JPG,20.850602,13.293014,65.315517,-0.164652,-0.206690,1.276416,65.796273,39.685805,58.610670,0
20260121172035.JPG,20260121172118.JPG,-9.163047,4.297282,-33.063664,-1.110722,-2.201830,-4.115270,30.149884,17.749064,50.956658,0
20260121172057.JPG,20260121172126.JPG,-6.373760,4.143830,-25.641667,-4.816286,1.060295,-22.857387,3.967115,2.561648,2.981342,0
20260121152631.JPG,20260121172151.JPG,-5.514043,0.849599,-28.335425,-150.536837,163.499493,-0.341027,147.780591,126.846738,36.317611,1
20260121172022.JPG,20260121172126.JPG,-11.544444,8.222054,-40.577910,165.444106,-54.064656,18.187586,166.218854,113.516467,84.005115,1
20260121172022.JPG,20260121172210.JPG,-7.261592,4.401821,-31.321492,3.243413,-10.799583,-14.063236,22.637890,14.597777,26.857982,0
20260121172035.JPG,20260121172226.JPG,-3.718809,1.041457,-18.748163,-2.964567,-1.328359,-16.494629,3.190641,1.937638,2.809472,0
20260121172000.JPG,20260121172110.JPG,3.513667,-2.478947,15.658897,3.421888,-1.911416,16.322170,0.893947,0.506770,1.964796,0
20260121152638.JPG,20260121172102.JPG,13.160756,7.213492,50.489877,11.497708,3.653990,50.761744,2.521375,2.273741,1.968029,0
20260121172007.JPG,20260121172102.JPG,-0.107609,-1.406171,-4.658965,-0.537672,-0.228347,-4.694308,1.221011,0.724217,5.231953,0
20260121172013.JPG,20260121172022.JPG,-3.188025,0.260959,-10.041538,-1.170953,-1.653549,-2.643981,7.848108,4.562812,34.576095,0
20260121172110.JPG,20260121172155.JPG,-6.560894,2.392165,-30.844900,-6.258963,1.648838,-28.904721,2.045565,1.212159,1.453214,0
20260121172155.JPG,20260121172210.JPG,2.586306,0.460391,13.891059,2.590775,0.120841,12.811595,1.131925,0.653339,0.869799,0
20260121172057.JPG,20260121172118.JPG,-5.730474,2.882077,-21.528430,-1.783832,0.221445,-4.360071,17.678041,10.286034,56.125667,0
20260121152644.JPG,20260121172151.JPG,0.394544,3.188229,0.683909,0.373876,1.651271,2.683406,2.521616,1.456097,18.282648,1
20260121152638.JPG,20260121172057.JPG,12.891375,7.164342,50.296084,11.477038,4.245464,50.756812,2.087782,1.891425,1.980309,0
20260121172022.JPG,20260121172219.JPG,-4.071383,2.018837,-21.453486,-1.918719,-2.739644,-20.677672,4.529072,3.048442,5.317599,0
20260121152658.JPG,20260121152708.JPG,-3.342561,1.086888,-21.588871,-2.892705,0.614164,-18.090439,3.538412,2.054659,1.318249,0
20260121172057.JPG,20260121172201.JPG,-7.098818,4.507842,-26.071616,-4.174387,-3.792678,-20.079737,9.707376,6.146911,16.352324,0
20260121152631.JPG,20260121152644.JPG,-4.174970,-2.706613,-29.297042,-3.419586,-3.089958,-24.992298,4.357035,2.533007,1.470655,0
20260121172035.JPG,20260121172151.JPG,-10.215473,4.861906,-40.176881,-7.420589,0.118645,-40.473296,3.638327,3.183173,3.055501,0
20260121172027.JPG,20260121172057.JPG,-5.623080,2.614731,-22.689622,-0.381073,-2.611445,-9.268718,14.816410,8.848959,67.598755,0
20260121172007.JPG,20260121172219.JPG,-1.354959,-1.302945,-11.050062,-1.284778,-3.444177,-8.260740,3.509814,2.030609,0.976947,0
20260121172013.JPG,20260121172226.JPG,-8.670362,4.631258,-32.134874,6.635687,-13.763373,-16.726360,23.902987,16.432284,30.022672,0
20260121172118.JPG,20260121172146.JPG,-2.378762,-1.305195,-13.373273,-1.995785,-0.062957,-9.380670,4.221107,2.424232,3.678472,0
20260121152708.JPG,20260121172027.JPG,10.058210,1.694126,46.559227,9.290768,5.561317,44.802232,4.782963,2.492065,6.921334,0
20260121152631.JPG,20260121172146.JPG,-7.297163,0.791076,-34.643400,-1.689260,5.983016,-6.952425,29.067402,16.585083,33.619746,1
20260121172118.JPG,20260121172201.JPG,-0.752630,1.002311,-4.674287,-0.032522,-0.158798,-1.536901,3.408641,1.975679,10.509702,0
20260121172017.JPG,20260121172219.JPG,-4.351162,1.286611,-21.745218,-4.912649,-5.179789,-3.052696,19.817451,11.424243,36.221871,0
20260121172022.JPG,20260121172226.JPG,-4.410777,2.694155,-22.305913,-2.406385,-0.134184,-24.667901,3.615888,2.421850,3.184183,0
20260121172017.JPG,20260121172052.JPG,0.745437,-1.467544,-3.746434,-0.227141,-0.166899,-2.291958,2.149336,1.258715,6.359895,0
20260121172013.JPG,20260121172110.JPG,-6.795079,3.290017,-24.323172,-2.992875,-2.213432,-31.825618,9.013833,5.803201,16.096200,0
20260121172110.JPG,20260121172226.JPG,-1.253710,0.207591,-7.897613,-0.989996,-1.391185,-4.644206,3.621803,2.098435,3.563049,0
20260121172201.JPG,20260121172210.JPG,2.477734,-1.562775,10.138577,2.268161,0.286186,10.791325,2.007332,1.138516,37.227881,0
20260121152638.JPG,20260121152644.JPG,3.147524,-0.243530,21.201967,4.239171,0.777941,25.717934,4.662595,2.746456,2.601905,0
20260121172007.JPG,20260121172146.JPG,-9.063122,2.013966,-39.792440,-8.718435,2.206371,-38.707839,1.190002,0.666380,0.934130,0
20260121152708.JPG,20260121172102.JPG,4.238059,0.071860,23.960980,3.790967,0.702452,19.737369,4.318107,2.479007,2.655555,0
20260121152708.JPG,20260121172110.JPG,4.315584,0.615014,24.547630,3.637229,0.779334,19.917061,4.691849,2.703660,1.465533,0
20260121152638.JPG,20260121152658.JPG,11.728360,6.782324,48.158896,9.216835,1.417838,49.020901,3.951739,3.455841,3.375976,0
20260121152631.JPG,20260121172027.JPG,5.875189,-1.727360,23.189900,-0.811549,2.659581,1.383631,23.478435,13.409836,30.185913,1
20260121172022.JPG,20260121172027.JPG,2.264169,0.030052,7.508276,2.134284,0.996010,7.618522,0.997560,0.566304,32.740498,0
20260121152638.JPG,20260121172226.JPG,10.805561,5.842616,43.244108,5.952778,-4.837051,44.605592,8.216440,6.818075,6.042930,0
20260121152631.JPG,20260121172000.JPG,-3.337001,2.144572,-14.342958,-3.818484,3.930623,-11.587254,3.260232,1.916221,2.860926,0
20260121172027.JPG,20260121172126.JPG,-16.452578,11.762557,-47.585274,-2.503454,1.455745,-6.596135,42.822979,25.696419,56.198367,1
20260121152644.JPG,20260121172007.JPG,7.862624,5.991520,34.111544,6.559970,2.159380,30.450825,4.944086,3.150824,3.624033,0
20260121152638.JPG,20260121172027.JPG,31.337981,22.102075,72.129017,34.358497,25.262779,73.619477,1.756684,2.666774,0.776745,0
20260121172007.JPG,20260121172035.JPG,2.001117,-1.056500,6.840894,3.004134,2.934224,15.408193,9.420856,5.487274,41.465187,0
20260121172126.JPG,20260121172155.JPG,-0.629300,-1.684667,-4.236561,-1.104485,0.254990,-5.183980,2.175819,1.276150,8.050867,0
20260121172126.JPG,20260121172151.JPG,-0.611469,-1.431574,-2.878468,-0.904512,-1.458032,-6.284109,3.418506,1.973573,18.020766,0
20260121172007.JPG,20260121172022.JPG,2.339321,-2.343949,10.468874,2.527761,2.941333,20.705132,11.495229,6.652085,48.864189,0
20260121152708.JPG,20260121172022.JPG,6.878134,0.347029,39.115822,6.164132,3.234711,36.883217,4.046076,2.147326,5.758676,0
20260121152658.JPG,20260121172126.JPG,-5.258847,3.467666,-23.563047,-4.888119,2.805822,-21.639004,2.022068,1.194071,0.842858,0
20260121172102.JPG,20260121172126.JPG,-6.646023,4.275183,-25.820014,-5.386352,1.744336,-23.370461,3.367029,2.159651,3.143216,0
20260121172022.JPG,20260121172057.JPG,-2.944193,1.622981,-15.268962,1.713574,-2.640653,-2.655045,13.878529,8.144206,62.799598,0
20260121152708.JPG,20260121172118.JPG,-0.901822,1.276127,2.084636,1.488782,1.262200,4.221948,3.207224,1.851422,20.621080,1
20260121172027.JPG,20260121172102.JPG,-5.378306,2.580215,-22.495916,-0.069666,-5.175085,-29.591273,10.116712,6.798785,17.838804,0
20260121172007.JPG,20260121172013.JPG,5.705337,-1.593980,20.487812,4.192286,0.780341,23.639059,4.533656,2.439746,59.155627,0
20260121152708.JPG,20260121172057.JPG,4.006119,0.070808,23.764673,3.305942,2.095615,19.380685,4.984972,2.817176,8.393538,0
20260121172017.JPG,20260121172226.JPG,-4.695959,1.967845,-22.594546,7.034672,-13.815825,-6.510977,23.424444,14.667573,29.043650,0
20260121172013.JPG,20260121172102.JPG,-6.477239,2.877180,-24.992963,-4.352234,0.404304,-28.918538,4.612067,2.946235,10.911188,0
20260121172013.JPG,20260121172219.JPG,-8.157759,3.823459,-31.330304,-1.668395,-5.641153,-31.310968,8.232035,6.625484,11.338536,0
20260121172219.JPG,20260121172226.JPG,-0.092121,0.562656,-0.895983,0.117958,0.658349,-0.032594,0.893899,0.515988,4.385022,0
20260121172013.JPG,20260121172118.JPG,-16.298727,10.322522,-46.071247,-2.850539,-2.629805,-13.639589,34.853386,21.605778,72.706917,0
20260121152658.JPG,20260121172000.JPG,-3.151739,3.495210,-12.566523,-2.634532,6.775689,-5.316779,8.006299,4.603905,74.725177,0
20260121152708.JPG,20260121172219.JPG,2.862418,-0.329122,17.580056,3.388859,-1.923659,15.689415,2.621939,1.459933,1.257225,0
20260121152658.JPG,20260121172226.JPG,-0.263783,0.327987,-4.947469,-0.469642,0.059636,-3.826672,1.174318,0.675913,1.698543,0
20260121172146.JPG,20260121172210.JPG,4.518483,1.471250,18.773057,3.852093,-1.749427,18.389546,3.097738,1.911711,4.867795,0
20260121171953.JPG,20260121172052.JPG,3.263250,-1.220886,13.224064,3.216469,-0.354714,10.259765,3.091252,1.783210,18.894225,0
20260121171953.JPG,20260121172210.JPG,-3.484554,2.135755,-14.861723,1.194254,-8.081455,-11.612746,10.716991,6.753727,37.375246,0
20260121172052.JPG,20260121172057.JPG,-3.817479,2.445340,-11.788365,-2.897767,0.969956,-15.608695,4.119902,2.423328,65.601700,0
20260121152658.JPG,20260121172151.JPG,-5.356817,2.170874,-26.555337,-5.538807,6.727522,-11.789180,15.432891,8.922548,81.643044,1
20260121152631.JPG,20260121172007.JPG,1.276856,-0.095829,5.182731,4.122935,4.508612,23.365594,18.793024,10.953197,46.624796,1
20260121152644.JPG,20260121172052.JPG,9.507996,3.160716,41.498737,4.423914,-3.566410,11.203821,30.926980,18.155661,88.484544,0
20260121152658.JPG,20260121172210.JPG,-2.479244,1.157738,-14.053879,-1.483210,-1.740486,-13.062997,3.003277,1.859537,7.533454,0
20260121171953.JPG,20260121172219.JPG,-1.086709,0.562677,-4.885774,-0.921297,-2.428189,-4.254940,3.048221,1.767351,5.941243,0
20260121172007.JPG,20260121172210.JPG,-3.947422,0.375667,-21.016012,-3.822871,-0.051716,-19.387233,1.677591,0.974866,1.044083,0
20260121152644.JPG,20260121172017.JPG,10.767205,6.016318,44.942756,9.775917,2.661502,42.551752,3.654168,2.446381,3.121124,0
20260121152658.JPG,20260121172110.JPG,0.976848,0.256343,2.952530,0.897144,-0.061568,1.780024,1.216591,0.702897,2.984173,0
20260121152658.JPG,20260121172155.JPG,-5.318233,2.013331,-27.929603,-4.596097,0.042190,-26.473474,2.285938,1.475036,1.923251,0
20260121172017.JPG,20260121172210.JPG,-7.580698,3.733156,-31.602006,-4.142128,-1.773974,-32.255508,4.747878,3.767373,7.314184,0
20260121152631.JPG,20260121172226.JPG,-0.345423,-1.057456,-6.731169,-178.931264,-173.709948,-22.907559,150.518644,143.716690,21.214568,0
20260121172118.JPG,20260121172151.JPG,-0.670998,-0.709573,-7.092363,-0.457925,-0.812209,-3.860371,3.239987,1.870980,3.920207,0
20260121152708.JPG,20260121171953.JPG,3.841509,-0.572939,22.492712,3.359100,1.510453,19.638851,3.665976,2.058945,7.627498,0
20260121172126.JPG,20260121172226.JPG,3.959555,-1.521382,18.800825,3.945341,-1.213921,18.054806,0.808727,0.465932,0.615583,0
20260121152644.JPG,20260121172057.JPG,6.229023,3.650730,29.469485,5.405613,0.666758,25.828267,4.533922,2.759261,4.972658,0
20260121152708.JPG,20260121172007.JPG,5.285871,2.068450,28.485782,4.520707,1.366263,24.064288,4.489076,2.622223,3.132719,0
20260121152658.JPG,20260121171953.JPG,0.944613,-0.720076,0.841436,0.307729,0.995788,1.845232,2.099653,1.205186,10.018151,0
20260121172022.JPG,20260121172118.JPG,-10.210519,6.305621,-36.576276,-1.339900,-2.279533,-7.533060,30.572737,18.219963,51.750225,0
20260121172057.JPG,20260121172219.JPG,-1.005080,0.051181,-6.195700,-1.114765,-2.085653,-3.666540,3.318779,1.912654,3.711776,0
20260121172052.JPG,20260121172151.JPG,-12.106912,8.154092,-40.132551,2.273696,-10.377199,-5.213701,39.271563,24.286736,58.053833,0
20260121172027.JPG,20260121172146.JPG,-19.946206,12.983222,-56.934203,-16.288863,8.119451,-58.940079,3.301229,3.699368,2.608957,0
20260121152644.JPG,20260121172110.JPG,6.618270,4.258436,30.232228,5.707114,1.722375,26.717331,4.172551,2.557102,3.147209,0
20260121152658.JPG,20260121172118.JPG,-4.695511,2.308001,-19.428864,-5.002754,2.424692,-22.940719,3.523520,2.036430,4.212912,0
20260121172022.JPG,20260121172052.JPG,0.991969,-0.647784,-3.442727,-0.320333,1.065891,-1.885812,2.621700,1.536533,8.944818,0
20260121152638.JPG,20260121172007.JPG,16.673063,11.426084,54.629886,13.922796,6.278178,55.034119,3.328491,3.377786,2.268220,0
20260121152644.JPG,20260121172146.JPG,-1.389244,2.488957,-5.585495,-2.071652,-0.290186,-8.488708,4.132899,2.353576,20.360624,0
20260121172201.JPG,20260121172219.JPG,4.456817,-2.125724,20.219276,3.669146,-6.231908,17.287643,4.898135,2.948200,59.889404,0
20260121172210.JPG,20260121172219.JPG,2.041217,-0.976353,10.048446,1.960483,-6.741578,8.833679,5.879289,3.401960,87.089004,0
20260121172000.JPG,20260121172210.JPG,0.162315,-2.347096,-1.370482,0.170365,-0.468924,0.013653,2.333156,1.347025,7.810429,0
20260121171953.JPG,20260121172057.JPG,-0.082524,0.502670,1.309847,0.559526,-0.997564,0.507283,1.826888,1.049927,9.302955,0
20260121171953.JPG,20260121172017.JPG,3.008861,0.483289,16.895491,3.191980,0.096558,17.040057,0.495305,0.260764,1.185181,0
20260121152631.JPG,20260121172013.JPG,6.956236,-1.256427,25.699724,-0.354713,1.817233,3.945855,23.386442,13.368223,26.522912,1
20260121172126.JPG,20260121172210.JPG,1.915219,-1.384595,9.658759,1.896945,-1.589640,6.991016,2.675470,1.544801,0.652063,0
20260121152658.JPG,20260121172201.JPG,-5.965755,3.816345,-23.999338,-4.093880,-0.796018,-22.542532,4.480505,2.994444,10.637628,0
20260121152631.JPG,20260121172022.JPG,3.439199,-2.248327,15.697621,1.189702,1.767594,8.136811,9.058399,5.110568,37.778878,1
20260121172007.JPG,20260121172110.JPG,-0.287261,-0.956942,-4.035473,-0.723080,-0.157528,-4.520023,1.005886,0.595480,2.185187,0
20260121172052.JPG,20260121172110.JPG,-3.807746,2.836150,-10.944101,-4.352432,3.479162,-12.325533,1.573910,0.934256,2.709561,0
20260121171953.JPG,20260121172027.JPG,4.900160,-0.012313,24.136281,3.752066,2.170489,25.826600,3.325082,1.726260,8.671694,0
20260121172027.JPG,20260121172201.JPG,-17.458041,12.355669,-47.950290,-1.104584,-9.851793,-28.063661,26.399069,19.630630,31.473764,0
20260121152644.JPG,20260121172219.JPG,4.926078,2.975253,23.303144,5.169268,-3.123325,21.181275,6.547722,3.730689,7.481438,0
20260121172052.JPG,20260121172118.JPG,-10.888264,7.310645,-33.037102,-8.658297,2.894087,-40.368119,8.149052,5.106288,12.241894,0
20260121172057.JPG,20260121172155.JPG,-6.417803,2.758116,-30.032709,-4.918869,-1.137058,-28.186741,3.891477,2.634817,3.340261,0
20260121152638.JPG,20260121172151.JPG,4.790250,3.222604,21.674654,-2.345778,-13.582608,13.987584,17.835339,11.437207,39.400139,0
20260121172035.JPG,20260121172126.JPG,-10.297491,6.029775,-37.094409,-5.134432,2.122507,-17.073135,20.588258,12.148736,65.840462,1
20260121172102.JPG,20260121172219.JPG,-1.238240,0.089892,-6.391284,-1.222458,-2.605104,-4.665589,3.198833,1.847636,1.869977,0
20260121152638.JPG,20260121172013.JPG,37.355206,27.462527,74.147783,40.927312,31.339363,75.256609,1.517269,3.110161,0.517930,0
20260121172151.JPG,20260121172210.JPG,2.544039,0.183414,12.535994,2.901478,0.842764,10.309742,2.329222,1.356307,59.241961,1
20260121171953.JPG,20260121172000.JPG,-4.183461,4.453450,-13.334165,-4.195534,4.175192,-13.152779,0.334683,0.191897,13.119385,0
20260121172155.JPG,20260121172201.JPG,0.208069,2.007361,3.748221,0.256616,-0.290683,1.973477,2.905821,1.676612,6.108094,0
20260121172007.JPG,20260121172052.JPG,3.191045,-3.136475,7.054469,2.001724,-1.075317,9.812737,3.740158,2.103244,12.247498,0
20260121172035.JPG,20260121172146.JPG,-12.496086,5.541369,-46.465726,-10.454078,2.750342,-46.161552,1.951674,2.004341,1.368591,0
20260121172118.JPG,20260121172210.JPG,1.852410,-0.676031,5.444907,0.913206,-9.867872,1.462400,10.007788,5.808971,29.894563,0
20260121172057.JPG,20260121172226.JPG,-1.160163,0.633843,-7.081358,-1.426884,0.516124,-5.533197,1.577560,0.909542,1.631772,0
20260121172027.JPG,20260121172151.JPG,-16.434655,10.883507,-50.748075,-10.664832,3.021046,-53.301470,5.483356,5.820337,4.764265,0
20260121172035.JPG,20260121172210.JPG,-6.401562,2.567488,-27.783418,-1.188391,-6.257005,-26.111009,8.130148,5.995715,9.290633,0
20260121172007.JPG,20260121172226.JPG,-1.561517,-0.706439,-11.931907,-1.122535,-3.024360,-8.100820,4.459436,2.597607,3.036036,0
20260121152638.JPG,20260121172146.JPG,2.588077,2.004945,15.472839,0.610026,-3.096903,17.668095,5.384988,3.403953,16.059543,0
20260121171953.JPG,20260121172035.JPG,2.302584,0.898381,13.003756,1.530066,1.966893,11.750311,1.914002,1.050337,4.457914,0
20260121172000.JPG,20260121172027.JPG,8.872048,-1.921330,37.681933,8.830992,3.085428,42.503854,6.969238,4.013321,14.525454,0
20260121152638.JPG,20260121172017.JPG,23.029544,15.414417,65.280897,21.960760,12.712748,66.919935,2.418085,1.925942,1.383889,0
20260121172057.JPG,20260121172110.JPG,0.089885,0.439086,0.816575,0.124561,-0.287181,0.459197,0.810521,0.467755,2.594406,1
20260121152631.JPG,20260121172126.JPG,-5.456497,2.155737,-25.339507,-2.534247,-3.994371,-20.999112,7.143364,4.661988,3.297472,0
20260121171953.JPG,20260121172102.JPG,0.148670,0.489627,1.505723,0.529595,-0.147522,0.464851,1.281721,0.738123,6.379283,0
20260121152631.JPG,20260121172201.JPG,-6.176125,2.511136,-25.774659,-2.568906,-143.874814,-42.086370,144.736187,85.064544,39.700706,0
20260121152631.JPG,20260121172155.JPG,-5.471930,0.693681,-29.710066,61.370857,5.955750,-25.074575,69.540018,38.803502,38.067241,0
20260121172000.JPG,20260121172146.JPG,-4.099457,-2.418217,-20.198903,-4.140727,-0.064457,-17.908581,3.274645,1.896265,4.613506,0
20260121172035.JPG,20260121172155.JPG,-10.229510,4.832106,-41.558082,-4.709372,11.437198,-3.481983,39.364480,22.538031,45.558412,1
20260121152644.JPG,20260121172102.JPG,6.465406,3.660598,29.665607,5.658773,-1.098224,25.982535,5.767991,3.505333,6.390680,0
20260121152658.JPG,20260121172022.JPG,3.485596,-0.841328,17.482615,2.716061,1.109779,18.314822,2.452416,1.302763,9.856383,0
20260121172022.JPG,20260121172102.JPG,-2.706499,1.599367,-15.073980,-2.323092,0.851143,-9.516532,5.609748,3.245102,12.181790,0
20260121172013.JPG,20260121172057.JPG,-6.725413,2.916468,-25.186021,0.338437,-3.124730,-6.275580,20.492091,12.165509,78.664321,0
20260121152631.JPG,20260121171953.JPG,0.896164,-2.113783,-0.943455,0.327620,-1.138734,-0.951786,1.120575,0.651673,4.805301,1
20260121172052.JPG,20260121172219.JPG,-4.944799,2.931518,-17.966454,8.771487,-17.775322,-15.833640,21.315936,14.392806,35.598611,0
20260121152658.JPG,20260121172057.JPG,0.870000,-0.195646,2.142782,0.665437,0.323824,1.549522,0.818838,0.470338,5.006051,0
20260121172000.JPG,20260121172226.JPG,2.217354,-2.758765,7.763318,2.818984,-0.497995,9.166745,2.653653,1.575081,5.230278,0
20260121172118.JPG,20260121172155.JPG,-0.670220,-0.963319,-8.450677,-0.484356,-0.932778,-3.634694,4.819787,2.782635,5.523769,0
20260121172057.JPG,20260121172146.JPG,-8.297071,2.955130,-34.963935,-7.420081,1.559788,-34.111128,1.433784,1.071350,1.184542,0
20260121172000.JPG,20260121172022.JPG,6.032434,-2.952990,30.222360,5.431506,2.313222,33.906399,6.709469,3.726761,15.875394,0
20260121152638.JPG,20260121172126.JPG,6.166681,5.085013,24.394328,3.494004,-2.773635,30.685905,9.432646,6.013471,27.143980,0
20260121152708.JPG,20260121172000.JPG,1.125175,2.904569,8.849810,0.484260,0.463056,2.918633,6.420582,3.721586,10.921346,0
20260121172017.JPG,20260121172155.JPG,-11.871715,6.543234,-45.327739,-8.818773,1.751071,-45.402268,3.386228,3.280795,2.851400,0
20260121152644.JPG,20260121152708.JPG,1.937779,2.679526,5.722414,1.975169,-0.315842,4.056496,3.430361,1.978966,13.922686,0
20260121172007.JPG,20260121172017.JPG,2.749575,-1.481566,10.730620,2.084533,-0.106729,12.295288,2.268362,1.262358,39.491164,0
20260121172007.JPG,20260121172201.JPG,-7.936762,3.501105,-30.882280,-5.225968,-1.972194,-30.575386,4.715154,3.530797,6.846304,0
20260121172052.JPG,20260121172126.JPG,-12.107604,9.193077,-37.022246,-0.531066,-1.166214,-4.374062,34.848644,20.874507,63.193543,1
20260121152658.JPG,20260121172013.JPG,7.040937,0.175242,27.483664,0.915247,6.734659,13.879372,17.136526,9.409690,86.136895,0
20260121172017.JPG,20260121172151.JPG,-11.821763,6.519875,-43.946454,-9.508396,2.892535,-45.249491,2.901996,2.595327,2.863465,0
20260121152638.JPG,20260121152708.JPG,6.307253,3.089363,26.737221,4.416089,-2.562735,32.712658,7.783916,4.872664,7.763320,0
20260121171953.JPG,20260121172151.JPG,-6.466686,3.400910,-27.343674,-5.118380,-0.303922,-28.547735,3.508622,2.380019,5.998173,0
20260121152638.JPG,20260121172201.JPG,5.701385,5.331908,23.903001,2.588683,-2.472121,23.698145,7.142489,4.852276,7.108357,0
20260121171953.JPG,20260121172146.JPG,-8.314935,3.468813,-33.651575,0.538183,-0.815998,-0.452687,34.257653,19.990860,77.527137,1
20260121172035.JPG,20260121172219.JPG,-3.426910,0.391848,-17.888486,-2.519783,-3.388598,-15.129842,4.557671,2.752258,3.973898,0
20260121152631.JPG,20260121152638.JPG,-10.302404,1.803600,-50.224928,-9.303187,0.421837,-48.940836,1.566545,1.232422,0.416706,0
20260121172102.JPG,20260121172146.JPG,-8.592206,3.137799,-35.147224,-0.903144,0.227220,-6.109170,29.889777,17.424138,85.719797,1
20260121172035.JPG,20260121172201.JPG,-11.135447,6.478076,-37.500584,-7.274481,-2.831234,-16.534718,22.519726,13.430535,26.745638,0
20260121172151.JPG,20260121172155.JPG,-0.030380,-0.266955,-1.355350,-0.230353,0.363271,-0.539380,1.048240,0.606350,4.440069,0
20260121152658.JPG,20260121172007.JPG,1.388938,1.309782,6.964797,1.633334,0.583081,6.420962,0.961755,0.542703,4.270280,0
20260121172017.JPG,20260121172201.JPG,-12.814432,8.124907,-41.235163,-6.947322,-0.961579,-42.463224,6.878495,6.284779,9.749773,0
20260121172146.JPG,20260121172219.JPG,6.566478,1.276249,28.866771,6.051218,-2.500319,29.788205,3.670200,2.263993,5.778786,0
20260121172027.JPG,20260121172210.JPG,-10.880675,6.598285,-38.581114,2.155700,-10.348967,-20.551603,23.634430,16.147443,28.959061,0
20260121172110.JPG,20260121172151.JPG,-6.591462,2.519763,-29.467928,-6.128867,1.421745,-29.181262,1.002135,0.707535,1.240526,0
20260121172126.JPG,20260121172146.JPG,-2.362874,-2.025125,-9.158989,-2.198229,-0.865598,-11.151173,2.325423,1.334217,33.365422,0
20260121172102.JPG,20260121172210.JPG,-3.684510,1.701899,-16.362461,-3.274403,-0.306923,-14.569355,2.641786,1.572555,2.977598,0
20260121152638.JPG,20260121172000.JPG,9.619464,7.765836,35.143319,2.756904,0.320356,8.959681,27.341622,16.208154,59.508790,1
20260121172013.JPG,20260121172155.JPG,-18.960353,12.813320,-54.427241,-13.608577,5.656662,-56.448762,4.565066,5.289795,4.069784,0
20260121172017.JPG,20260121172126.JPG,-11.927631,7.636758,-40.839454,-4.441849,1.132759,-15.625928,26.191331,15.642472,74.968724,1
20260121152631.JPG,20260121152658.JPG,-0.070901,-1.392646,-1.784140,-0.272739,-0.360465,-1.199661,1.198704,0.694682,1.201384,0
20260121172000.JPG,20260121172052.JPG,6.466594,-4.079175,26.861813,6.841326,-3.011167,22.666594,4.306389,2.508713,29.483763,0
20260121152644.JPG,20260121172126.JPG,1.096661,4.672926,3.535640,0.569190,-0.359822,3.251954,5.037134,2.926161,20.863937,0
20260121172110.JPG,20260121172201.JPG,-7.264292,4.143169,-26.879660,-6.161476,1.359496,-25.565699,2.824530,1.887815,3.614803,0
20260121172102.JPG,20260121172110.JPG,-0.143159,0.449311,0.622507,0.255112,-0.115290,0.284209,0.771618,0.444162,5.321983,1
20260121172017.JPG,20260121172110.JPG,-3.231136,1.264842,-14.722290,-2.873270,0.810728,-9.255119,5.491489,3.174075,14.079961,0
20260121172052.JPG,20260121172155.JPG,-12.160789,8.185204,-41.513735,-7.883493,0.909084,-43.424564,5.730588,4.996280,6.207430,0
20260121172102.JPG,20260121172201.JPG,-7.373337,4.642024,-26.248395,-0.802564,-8.464912,-10.272916,20.358593,12.519088,63.838375,0
20260121172035.JPG,20260121172052.JPG,1.438920,-2.070588,0.145839,0.371202,-0.645823,3.384684,3.708495,2.133862,10.033070,0
20260121172000.JPG,20260121172219.JPG,2.228964,-3.290957,8.680876,2.927711,-1.646017,11.607832,3.369791,1.979996,9.689225,0
20260121152708.JPG,20260121172146.JPG,-3.346011,0.194101,-11.307865,-1.393893,-0.270424,-1.852703,9.654502,5.580521,42.242140,0
20260121172118.JPG,20260121172226.JPG,3.905333,-0.820143,14.586832,4.979812,1.419438,17.842462,3.927274,2.364273,4.874570,0
20260121172102.JPG,20260121172118.JPG,-5.989975,2.990843,-21.712182,-0.742512,0.056227,-0.188456,22.205895,12.902437,79.185149,0
20260121172007.JPG,20260121172057.JPG,-0.340281,-1.392206,-4.854781,-0.831542,-0.184534,-4.858443,1.264656,0.752733,4.003516,0
20260121152638.JPG,20260121172110.JPG,13.727681,8.133713,50.990146,10.372085,1.390888,51.202345,4.642201,4.350124,3.025932,0
20260121152638.JPG,20260121171953.JPG,12.065804,5.966406,49.126300,10.708754,2.814842,50.832200,2.851708,2.212392,2.380320,0
20260121172210.JPG,20260121172226.JPG,2.042987,-0.439228,9.132558,2.409425,-0.193337,8.497803,0.755006,0.446338,3.184467,0
20260121172110.JPG,20260121172118.JPG,-5.865195,2.493957,-22.340376,-5.207795,1.019309,-25.165352,3.131400,1.878586,5.549664,0
20260121172110.JPG,20260121172146.JPG,-8.451936,2.606331,-35.775678,-1.165363,0.407890,-6.542895,29.992068,17.440211,83.211403,1
20260121171953.JPG,20260121172118.JPG,-5.748104,3.391972,-20.216090,-5.367161,1.757355,-24.771695,4.805471,2.803012,11.628142,0
20260121171953.JPG,20260121172155.JPG,-6.439905,3.272572,-28.720407,-4.912683,-0.774373,-28.175149,3.621909,2.517106,5.141830,0
20260121172027.JPG,20260121172035.JPG,-3.068602,1.863406,-11.011167,-2.139413,-0.420522,-10.443966,2.368802,1.460757,74.203771,0
20260121172052.JPG,20260121172102.JPG,-3.580635,2.419034,-11.593753,-3.137468,-2.679329,-24.160876,13.513959,7.834162,35.146500,0
20260121152658.JPG,20260121172219.JPG,-0.131590,-0.238768,-4.052978,-0.327846,-2.001606,-2.259280,2.530080,1.456419,3.586656,0
20260121172052.JPG,20260121172146.JPG,-14.592514,9.132878,-46.400477,-12.436017,5.554674,-49.361262,3.842804,2.956364,3.843074,0
20260121172022.JPG,20260121172146.JPG,-13.921891,8.014903,-49.955125,-0.984873,2.902439,-1.093468,50.102336,29.331242,50.612494,1
20260121152708.JPG,20260121172151.JPG,-1.601535,0.681141,-5.018124,-2.371903,-1.197327,-9.738372,5.174190,2.966640,17.321564,0
20260121172000.JPG,20260121172155.JPG,-2.386306,-2.220864,-15.268461,-2.751191,-0.079828,-12.769595,3.253032,1.911501,3.961578,0
20260121172017.JPG,20260121172035.JPG,-0.833980,0.609383,-3.864657,-0.690488,0.292717,-4.079549,0.400936,0.235970,1.793112,0
20260121172027.JPG,20260121172052.JPG,-1.223979,-0.250659,-10.969042,-6.184987,1.597639,-1.366958,10.871402,6.330556,75.242669,1
20260121172000.JPG,20260121172017.JPG,6.789080,-1.952747,30.426355,6.488695,1.160214,33.168139,4.275719,2.401259,8.688557,0
20260121172000.JPG,20260121172102.JPG,3.525352,-2.984421,15.065754,2.255543,-1.806266,5.383212,9.862892,5.678970,50.822811,0
20260121172017.JPG,20260121172027.JPG,2.012600,-0.837382,7.207397,1.592438,-0.224208,7.561714,0.862717,0.475415,4.086400,0
20260121172110.JPG,20260121172126.JPG,-6.532875,3.775253,-26.450641,-5.523292,2.286520,-23.743617,3.047587,1.876483,3.078947,0
20260121172102.JPG,20260121172155.JPG,-6.696341,2.911062,-30.216889,-6.230331,1.533130,-28.140612,2.408401,1.463647,0.872064,0
20260121152644.JPG,20260121172155.JPG,0.360972,2.912003,-0.669579,-0.470595,-0.417827,-3.212673,4.293260,2.466212,10.985032,0
20260121172057.JPG,20260121172102.JPG,0.231492,-0.012756,0.195895,0.182540,0.251477,0.087442,0.289899,0.167310,0.853825,0
20260121171953.JPG,20260121172013.JPG,5.969420,0.414633,26.653074,5.849310,0.668122,28.176511,1.558068,0.894342,1.987709,0
20260121172007.JPG,20260121172126.JPG,-7.172572,3.113163,-30.457054,-7.394826,2.095348,-24.536882,6.028416,3.470533,84.962678,1
20260121172146.JPG,20260121172155.JPG,1.796611,0.543923,4.904022,2.025092,-0.485210,4.587398,1.118246,0.635497,3.241862,0
20260121171953.JPG,20260121172126.JPG,-6.360201,4.641715,-24.329281,-5.019535,1.603324,-23.079840,3.051921,2.048602,4.016201,0
20260121172007.JPG,20260121172155.JPG,-7.114940,1.725861,-34.863731,-7.122423,1.735714,-33.077082,1.786668,1.031547,0.432628,0
20260121172027.JPG,20260121172226.JPG,-7.414599,4.131823,-29.667854,-7.322676,4.021145,-33.281319,3.614858,2.087888,2.061659,0
20260121172035.JPG,20260121172110.JPG,-2.337000,0.485475,-10.866112,0.758143,-7.261422,-18.847163,10.993611,6.665621,13.393722,0
20260121172146.JPG,20260121172201.JPG,2.190882,2.687533,8.584083,1.653202,-1.287724,7.282196,4.146790,2.434932,6.598110,0
20260121172027.JPG,20260121172110.JPG,-5.681991,2.999230,-21.833492,-6.359273,3.311959,-17.356944,4.522566,2.620177,6.637895,0
20260121172000.JPG,20260121172118.JPG,-1.782239,-1.505099,-6.792458,-2.122242,-0.150267,-8.765370,2.391370,1.395654,5.252705,0
20260121152644.JPG,20260121172013.JPG,15.407309,8.174889,54.601698,3.004330,-0.260606,8.557965,47.116970,27.958402,71.225772,0
20260121172151.JPG,20260121172219.JPG,4.501420,-0.376280,22.617215,3.451789,-6.352446,22.852234,5.658816,3.505782,35.136889,0
20260121152644.JPG,20260121172201.JPG,0.545825,4.941549,3.066345,-0.243871,0.919575,0.850540,4.635756,2.690085,8.863011,1
20260121152708.JPG,20260121172052.JPG,7.060476,-0.952078,35.767920,6.655261,3.965321,35.361713,5.179550,2.858322,10.529417,0
20260121152658.JPG,20260121172035.JPG,3.288760,0.400194,13.828423,0.718622,5.098297,11.695439,6.209310,3.328033,23.884122,0
20260121172022.JPG,20260121172035.JPG,-0.576550,1.427909,-3.570064,-0.496854,-0.203020,-3.456035,1.631978,0.945037,51.088785,0
20260121152631.JPG,20260121172017.JPG,3.932438,-1.362043,15.942431,2.362372,4.864313,14.303893,7.000959,3.826113,38.273887,1
20260121172022.JPG,20260121172110.JPG,-2.962373,2.032419,-14.430539,-4.086987,3.415300,-10.522009,4.216675,2.480170,5.756587,0
20260121152644.JPG,20260121172035.JPG,9.841489,5.851719,41.032273,-0.390450,1.356476,1.779873,40.329168,23.563041,88.636684,1
20260121152631.JPG,20260121172102.JPG,1.036658,-1.600812,0.554464,0.535341,-0.195683,-0.094395,1.628602,0.939277,1.208677,0
20260121172017.JPG,20260121172146.JPG,-14.373462,7.526048,-50.217474,-1.054295,2.132554,-3.368389,48.197402,28.292088,63.917068,1
20260121172017.JPG,20260121172118.JPG,-10.561625,5.680294,-36.847486,-9.477487,3.586957,-41.516640,4.948418,3.019847,5.898400,0
20260121172022.JPG,20260121172155.JPG,-11.466812,7.091171,-45.060606,14.775936,9.710669,-6.968123,46.711872,26.749335,88.304219,1
20260121172052.JPG,20260121172210.JPG,-8.036324,5.402205,-27.802777,0.674699,-8.308710,-29.437020,12.321609,9.425884,22.037259,0
20260121172013.JPG,20260121172035.JPG,-4.060770,1.928616,-13.522551,-0.466667,-1.610676,-6.670099,8.240349,4.912577,36.533900,0
20260121152644.JPG,20260121172022.JPG,9.644539,4.781682,44.796354,8.762329,2.785526,42.652723,2.631146,1.766171,2.418550,0
20260121172057.JPG,20260121172210.JPG,-3.437529,1.619560,-16.173384,-3.086300,-0.582054,-13.668660,3.293183,1.935985,5.361216,0
20260121172110.JPG,20260121172210.JPG,-3.549085,1.212950,-16.987904,-3.395385,0.562775,-15.563921,1.555004,0.908126,2.278956,0
20260121172007.JPG,20260121172118.JPG,-6.380508,1.739491,-26.358730,-6.085195,1.096664,-29.246535,2.943236,1.716572,3.220907,0
20260121172052.JPG,20260121172201.JPG,-12.954427,9.656840,-37.416925,-1.677703,-8.134362,-39.878902,14.087111,12.244083,24.729850,0
20260121152644.JPG,20260121172210.JPG,2.951539,3.460107,13.218330,2.689056,-1.314351,10.048509,5.692166,3.312205,7.068651,0
20260121152708.JPG,20260121172013.JPG,11.629443,2.618816,49.028509,1.295137,2.621261,8.760917,41.519476,24.001922,88.747802,0
20260121172035.JPG,20260121172102.JPG,-2.107234,0.051605,-11.505041,-2.888678,1.234039,-6.220677,5.444909,3.158761,10.947227,0
20260121172057.JPG,20260121172151.JPG,-6.448231,2.888631,-28.656016,-4.989112,-0.891162,-28.387763,3.349667,2.344342,3.940744,0
20260121172201.JPG,20260121172226.JPG,4.544976,-1.605268,19.281509,4.644015,-1.823535,14.724725,4.564466,2.634498,18.487456,0
20260121152658.JPG,20260121172146.JPG,-7.131894,2.092988,-32.863146,-7.244035,2.917741,-32.418788,0.889085,0.544747,1.116460,0
20260121152638.JPG,20260121172052.JPG,18.292092,9.359155,62.271829,19.951518,11.034587,65.215593,3.039392,2.177653,1.217940,0
20260121172000.JPG,20260121172013.JPG,10.214559,-1.195090,40.164650,10.119578,2.590548,44.308842,5.656116,3.241111,10.862779,0
20260121152708.JPG,20260121172126.JPG,-1.040133,2.063727,-2.114761,-1.252300,0.628722,-3.659713,2.126423,1.223537,6.783646,0
20260121172013.JPG,20260121172126.JPG,-18.597757,13.229665,-49.875722,-14.537243,7.842946,-51.298392,3.704445,3.980306,3.318113,0
20260121172017.JPG,20260121172022.JPG,-0.249427,-0.834562,-0.300938,-0.168595,-1.020626,-0.276562,0.203951,0.117966,0.944185,0
20260121152658.JPG,20260121172102.JPG,1.101131,-0.205434,2.338848,1.152906,0.069924,2.206303,0.308123,0.178951,1.416859,0
20260121172013.JPG,20260121172210.JPG,-12.429299,7.443946,-40.995957,-6.660409,-0.115035,-43.759691,6.262857,5.717124,9.675179,0
20260121172027.JPG,20260121172219.JPG,-6.951742,3.364308,-28.848712,-1.026953,-6.542915,-26.209585,9.266253,6.836695,10.063204,0
20260121172118.JPG,20260121172219.JPG,3.858594,-1.337848,15.519253,5.454585,0.141521,20.121487,4.946523,2.939177,8.763448,0
20260121172118.JPG,20260121172126.JPG,-0.164681,0.722879,-4.211099,-0.251559,-0.934454,-1.441628,3.230779,1.864070,1.567434,1
20260121152644.JPG,20260121171953.JPG,5.964871,2.920290,28.220884,5.335252,-0.216375,25.804394,3.778735,2.314773,5.052078,0
20260121172146.JPG,20260121172226.JPG,6.724350,1.792772,27.911331,5.832119,-2.705050,28.823715,4.247902,2.699316,5.081700,0
20260121172146.JPG,20260121172151.JPG,1.860460,0.855803,6.250083,2.396259,-0.792801,5.781308,1.846574,1.036778,2.056557,0
20260121172000.JPG,20260121172151.JPG,-2.407518,-2.003475,-13.903189,-2.644668,-0.571527,-12.651479,1.875479,1.106570,3.034168,0
20260121171953.JPG,20260121172007.JPG,0.409465,1.924880,6.156455,1.106345,-0.000008,4.695174,2.565071,1.452145,7.418319,0
20260121152631.JPG,20260121172219.JPG,-0.195353,-1.627021,-5.837396,-0.719760,-1.196253,-3.105448,2.808698,1.625228,1.393849,0
20260121152638.JPG,20260121172035.JPG,20.434297,13.422391,61.471261,0.637577,0.476654,2.172701,61.165875,36.859289,61.169868,1
20260121152708.JPG,20260121172017.JPG,7.836855,1.465532,39.305524,7.209643,2.747689,36.622414,3.197737,1.754651,2.971307,0
20260121172013.JPG,20260121172201.JPG,-19.656184,13.871606,-50.225370,-0.295939,-10.734094,-25.681792,31.204405,22.968433,49.206728,0
20260121172000.JPG,20260121172201.JPG,-2.678916,-0.338213,-11.431927,-2.791193,-0.775436,-9.491966,1.996253,1.149959,4.084592,0
20260121152638.JPG,20260121172118.JPG,6.175155,4.794966,28.659029,2.154133,2.872277,3.417974,25.541061,14.798381,56.280874,1
20260121172017.JPG,20260121172057.JPG,-3.211852,0.858914,-15.562556,-2.440532,1.661331,-4.556545,11.071758,6.386733,75.741611,1
20260121152644.JPG,20260121172118.JPG,1.172132,4.037010,7.761120,0.182847,-0.760567,0.739148,8.518744,4.943128,12.355875,0
20260121172102.JPG,20260121172151.JPG,-6.723480,3.034166,-28.839663,-6.142541,1.376064,-28.477991,1.514473,1.035632,1.803697,0
20260121172035.JPG,20260121172057.JPG,-2.343007,0.072784,-11.700251,-1.862537,-0.517962,-12.227822,0.860511,0.534840,2.644474,0
20260121152631.JPG,20260121172210.JPG,-2.590356,-0.207354,-15.836196,-3.101829,0.276203,-12.619237,3.274528,1.901250,1.731763,0
20260121172000.JPG,20260121172007.JPG,4.228031,-1.181485,19.617586,3.792188,0.726499,20.669417,2.347199,1.282798,5.932641,0
20260121172013.JPG,20260121172052.JPG,-2.120115,-0.206239,-13.514632,-3.240697,0.892814,-13.053773,1.452575,0.944460,3.733272,0
20260121172013.JPG,20260121172151.JPG,-18.675723,12.501956,-53.058181,-15.497116,8.359188,-55.331094,3.326652,3.287968,3.357337,0
20260121152644.JPG,20260121152658.JPG,5.352532,3.644777,27.317800,4.633696,-1.129368,24.190663,5.486295,3.321052,6.239360,0
20260121172017.JPG,20260121172102.JPG,-2.973781,0.834323,-15.367682,-0.435687,-1.358535,-5.058342,10.748283,6.259208,42.787779,0
20260121172151.JPG,20260121172201.JPG,0.130178,1.735873,2.394764,5.692627,1.856229,17.819950,16.385016,9.467342,68.166474,1
20260121172155.JPG,20260121172226.JPG,4.656482,0.435554,23.034053,-0.066735,5.497511,1.724724,22.622172,12.935992,56.996435,1
20260121172013.JPG,20260121172017.JPG,-3.078656,1.090854,-9.697211,-1.759195,-0.499902,-12.466805,3.336798,1.995172,76.378075,0
20260121152708.JPG,20260121172155.JPG,-1.612198,0.450815,-6.380365,-0.949478,7.932248,-2.381328,8.552041,4.912682,87.948080,1
20260121152658.JPG,20260121172027.JPG,5.941907,-0.306383,24.974408,3.094236,4.990370,27.380835,7.433369,3.739684,26.895601,0
20260121172126.JPG,20260121172201.JPG,-0.567426,0.277179,-0.464037,-0.394382,-0.702892,-3.852851,3.530082,2.039162,0.566481,0
20260121172013.JPG,20260121172027.JPG,-0.883321,-0.126040,-2.543048,-0.824130,-0.124408,-2.382871,0.170795,0.098595,0.984013,0
20260121172151.JPG,20260121172226.JPG,4.612714,0.151590,21.678968,4.331123,-1.204776,23.733618,2.417751,1.430688,1.825745,0
20260121152658.JPG,20260121172052.JPG,4.218328,-1.722436,14.083668,4.727585,0.733488,15.164229,2.612804,1.576760,15.974731,0
20260121152631.JPG,20260121152708.JPG,-3.456609,-0.263248,-23.371306,-2.412007,-1.618148,-18.561288,5.004828,2.947498,2.108571,0
20260121172000.JPG,20260121172057.JPG,3.294234,-2.982891,14.869450,3.284362,-3.629741,10.210136,4.703692,2.715862,28.038922,0
20260121172027.JPG,20260121172155.JPG,-16.630513,11.091087,-52.123387,2.652965,-10.623607,-6.425052,49.627487,31.260829,37.942288,0
20260121152708.JPG,20260121172210.JPG,0.918626,0.511078,7.518042,0.768055,-0.622143,3.555425,4.120162,2.381120,4.041650,0
20260121172022.JPG,20260121172151.JPG,-11.426450,7.081412,-43.679239,-8.377773,2.246534,-45.321874,3.834057,3.433595,3.418521,0
20260121172155.JPG,20260121172219.JPG,4.531837,-0.096935,23.972617,4.190948,-2.085446,23.955228,1.876174,1.164858,4.100688,0
20260121152708.JPG,20260121172035.JPG,7.079841,1.558455,35.393887,5.936973,4.706812,31.530517,5.487089,2.952057,7.215315,0
20260121172110.JPG,20260121172219.JPG,-1.090071,-0.377489,-7.012857,-1.058591,-2.021940,-4.588400,2.927855,1.691469,5.023043,0
20260121152631.JPG,20260121172057.JPG,0.805224,-1.590810,0.358409,0.202917,0.070316,-0.128268,1.833833,1.058138,2.430995,0
20260121172052.JPG,20260121172226.JPG,-5.245048,3.605223,-18.809448,6.623212,-14.406327,-21.030148,17.984651,12.519359,21.255945,0
20260121171953.JPG,20260121172022.JPG,2.501569,-0.403013,16.636864,1.778762,0.846088,17.264331,1.732868,0.908555,4.773861,0
20260121152708.JPG,20260121172201.JPG,-1.618128,2.349563,-2.573663,-1.474603,-1.546725,-7.025538,5.909280,3.416668,3.207026,0
20260121152638.JPG,20260121172219.JPG,10.523618,5.307934,44.229050,-0.782330,-19.892000,9.393066,41.111466,25.667144,37.517857,0
20260121152631.JPG,20260121172110.JPG,0.897984,-1.140242,1.168722,0.028849,-0.650458,0.053193,1.499577,0.864039,1.861423,1
20260121152631.JPG,20260121172118.JPG,-4.848522,0.967389,-21.208637,-3.350887,-2.527507,-21.675031,3.293530,2.211691,2.743770,0
20260121172022.JPG,20260121172201.JPG,-12.426011,8.704756,-40.976089,-2.326798,22.744796,-9.611512,37.384684,20.678923,86.017934,1
20260121172126.JPG,20260121172219.JPG,3.872709,-2.050396,19.733543,3.908549,-3.426941,18.022967,2.203184,1.267837,1.129287,0
20260121152638.JPG,20260121172155.JPG,4.611729,2.818255,20.345838,-3.037084,-13.284883,17.039020,15.791027,10.468212,23.990811,0
20260121172102.JPG,20260121172226.JPG,-1.395747,0.676432,-7.274567,-1.387537,-0.644356,-5.094225,2.548705,1.471784,3.141416,0
20260121152644.JPG,20260121172000.JPG,3.413002,5.950027,14.459847,2.307969,0.411552,9.709087,7.202988,4.260889,10.544143,0
20260121152644.JPG,20260121172226.JPG,5.041264,3.498145,22.361283,2.172804,-17.438995,3.765308,27.588262,16.252201,39.376614,0
20260121152708.JPG,20260121172226.JPG,2.933587,0.210669,16.656357,3.216311,-1.746859,14.386455,3.059412,1.738227,4.073531,0
20260121171953.JPG,20260121172110.JPG,0.017372,0.940837,2.127015,0.198569,0.002829,0.423730,1.954833,1.127515,5.222691,0
20260121172000.JPG,20260121172035.JPG,6.054134,-1.788232,26.516693,3.945045,-0.869971,11.238918,15.489588,8.920050,52.590008,0
20260121152631.JPG,20260121172052.JPG,4.200707,-3.120207,12.298203,2.623053,1.422831,10.792917,5.316072,2.909414,7.007742,0
20260121152644.JPG,20260121172027.JPG,13.477865,6.875434,52.176211,3.011231,-0.923082,8.482852,44.570804,26.327912,86.805885,0
